[
    {
      "id": "21015338",
      "amount": 50,
      "user": {
        "id": "clqxzrdxi0000l10fs3iev2pl",
        "twitter_handle": "AavidG97829",
        "profile_img": "https://pbs.twimg.com/profile_images/1727363589848412160/3MySnX0R_normal.png",
        "name": "Aavid “Avi.” Gautam"
      }
    },
    
    {
        "id": "20973835",
        "amount": 100,
        "user": {
          "id": "clqwomt240000jp0fd8i9n2ts",
          "twitter_handle": "furrpiter",
          "profile_img": "https://pbs.twimg.com/profile_images/1594878874906664960/pjhh9L5P_normal.jpg",
          "name": "gaffer.ninjagoat"
        }
      },
      {
        "id": "20973820",
        "amount": 100,
        "user": {
          "id": "clqwxx7bz0003la0fe8a9e4y7",
          "twitter_handle": null,
          "profile_img": "https://pbs.twimg.com/profile_images/1727846252715331584/NgPEDiIe_normal.jpg",
          "name": "AlfaOmer.💲"
        }
      },
      {
        "id": "20973818",
        "amount": 100,
        "user": {
          "id": "clqx08wpu0000l30fz7wdu760",
          "twitter_handle": "HanfriNFT",
          "profile_img": "https://pbs.twimg.com/profile_images/1710173276553560064/7Au_RROB_normal.jpg",
          "name": "Hanfri"
        }
      },
      {
        "id": "20973925",
        "amount": 100,
        "user": {
          "id": "clqwxmfia0000lb0fd6b6mno7",
          "twitter_handle": "FREDTHEHUSLTER",
          "profile_img": "https://pbs.twimg.com/profile_images/1741405663538864128/ySK0uyRG_normal.jpg",
          "name": "FRED"
        }
      },
      {
        "id": "20975193",
        "amount": 50,
        "user": {
          "id": "clqxj9w400001jw0ggw11aoag",
          "twitter_handle": "jmroyallab",
          "profile_img": "https://pbs.twimg.com/profile_images/1673216835704193027/E4BE1fdm_normal.jpg",
          "name": "jmroyal AANN.ai ❤️ Memecoin"
        }
      },
      {
        "id": "20975197",
        "amount": 50,
        "user": {
          "id": "clqxja30f0002jw0gtkn3akiq",
          "twitter_handle": "DonPulubi_",
          "profile_img": "https://pbs.twimg.com/profile_images/1739686394866675712/mC5KxwHC_normal.jpg",
          "name": "👑Don Pulubi👑 🥷 💙 De.Fi Army"
        }
      },
      {
        "id": "20975207",
        "amount": 50,
        "user": {
          "id": "clqxjaouw0000ia0fl3t5ndtb",
          "twitter_handle": null,
          "profile_img": "https://pbs.twimg.com/profile_images/1729063349391077376/uxbMJKVq_normal.jpg",
          "name": "Teste curator sathees"
        }
      },
      {
        "id": "20975320",
        "amount": 50,
        "user": {
          "id": "clqxvg0ml0000jy0fc9wpjmxv",
          "twitter_handle": "ullekbulu",
          "profile_img": "https://pbs.twimg.com/profile_images/1573694058815291394/qWY-SGCF_normal.jpg",
          "name": "Dandi"
        }
      },
      {
        "id": "20971191",
        "amount": 50,
        "user": {
          "id": "clqxl84zv0000lb0fe3zq4ka1",
          "twitter_handle": "amakhan522",
          "profile_img": "https://pbs.twimg.com/profile_images/1622842361108926464/Yn3Ele96_normal.jpg",
          "name": "Ama khan | Inspect 2.0"
        }
      },
      {
        "id": "20975224",
        "amount": 50,
        "user": {
          "id": "clqxucijq0000jl0g2sxuelg2",
          "twitter_handle": "Samay_shaw",
          "profile_img": "https://pbs.twimg.com/profile_images/1688553075642871808/i1jB7_t8_normal.jpg",
          "name": "Samay Shaw Mint Blockchain"
        }
      },
      {
        "id": "20970765",
        "amount": 50,
        "user": {
          "id": "clqxl5n4p0000jw0flv8nrijo",
          "twitter_handle": "Alimia80071946",
          "profile_img": "https://pbs.twimg.com/profile_images/1662109790611578881/bAt4oQol_normal.jpg",
          "name": "Ali mia | Inspect 2.0"
        }
      },
      {
        "id": "20975323",
        "amount": 50,
        "user": {
          "id": "clqxyqao70000jn0g98xc9wr3",
          "twitter_handle": "kytamtam",
          "profile_img": "https://pbs.twimg.com/profile_images/1696487738433015808/wuHcK7kf_normal.jpg",
          "name": "Ky Tamtam |"
        }
      },
      {
        "id": "20975325",
        "amount": 50,
        "user": {
          "id": "clqxzb74a0000ie0gim2obs10",
          "twitter_handle": "Defende24794497",
          "profile_img": "https://pbs.twimg.com/profile_images/1742110819452645376/1FR9yZ4w_normal.jpg",
          "name": "DefendeR🥷"
        }
      },
      {
        "id": "20972629",
        "amount": 50,
        "user": {
          "id": "clqwnevm20000jg0fqj3c7kc0",
          "twitter_handle": "HolyMoses21",
          "profile_img": "https://pbs.twimg.com/profile_images/1726227743090540545/p3YOiZri_normal.jpg",
          "name": "Holy Moses🥷🔥"
        }
      },
      {
        "id": "20975262",
        "amount": 50,
        "user": {
          "id": "clqxk0dat0000lc0fgno99ek0",
          "twitter_handle": "TomNewm86873408",
          "profile_img": "https://pbs.twimg.com/profile_images/1738146228544659456/S5kPNi0u_normal.jpg",
          "name": "TomNewman- FusionX Finance🥷"
        }
      },
      {
        "id": "20975269",
        "amount": 50,
        "user": {
          "id": "clqxk7d0z0000jo0gn2bjo1pd",
          "twitter_handle": null,
          "profile_img": "https://pbs.twimg.com/profile_images/1719324803583348736/twUWc5xx_normal.jpg",
          "name": "yangyang"
        }
      },
      {
        "id": "20972994",
        "amount": 50,
        "user": {
          "id": "clqwq1gm60001jp0ffbgvuokr",
          "twitter_handle": "ersanakpinarr",
          "profile_img": "https://pbs.twimg.com/profile_images/344513261565873386/990ed0fca5c526824fecefb1cd23645d_normal.jpeg",
          "name": "ersan akpınar"
        }
      },
      {
        "id": "20973032",
        "amount": 50,
        "user": {
          "id": "clqwqmiqb0000ky0fe7p38iwd",
          "twitter_handle": "bildevss",
          "profile_img": "https://pbs.twimg.com/profile_images/1624081392979087360/B5swm2P0_normal.jpg",
          "name": "erkan 💙 De.Fi Army"
        }
      },
      {
        "id": "20973085",
        "amount": 50,
        "user": {
          "id": "clqxnqk8t0001l80h0ibgtpej",
          "twitter_handle": "Oyinda023",
          "profile_img": "https://pbs.twimg.com/profile_images/1739199829509640192/eooQyQgz_normal.jpg",
          "name": "Oyindamola \"❤️ Memecoin\""
        }
      },
      {
        "id": "20973182",
        "amount": 50,
        "user": {
          "id": "clqws2vfr0000l20f7hx1kzqz",
          "twitter_handle": "artem_babi59217",
          "profile_img": "https://pbs.twimg.com/profile_images/1662210362177994753/Gd6TENqx_normal.jpg",
          "name": "Artem Babintsev 💛 DROP"
        }
      },
      {
        "id": "20973484",
        "amount": 50,
        "user": {
          "id": "clqwwwwre0000la0fun1i7294",
          "twitter_handle": "divon_day",
          "profile_img": "https://pbs.twimg.com/profile_images/1731769506270502912/NicmBBQu_normal.jpg",
          "name": "People_Power"
        }
      },
      {
        "id": "20973496",
        "amount": 50,
        "user": {
          "id": "clqwwqm1k0000la0follooxst",
          "twitter_handle": "kanhaz53",
          "profile_img": "https://pbs.twimg.com/profile_images/876539264288337925/ggW365Pu_normal.jpg",
          "name": "kanhaz.eth"
        }
      },
      {
        "id": "20973535",
        "amount": 50,
        "user": {
          "id": "clqwxbxhv0001la0forxlvlnx",
          "twitter_handle": "mutedboiiii",
          "profile_img": "https://pbs.twimg.com/profile_images/1716894068041760768/hIFlgt69_normal.jpg",
          "name": "muted ♦️ 🛸❤️.fuel 💙 De.Fi Army"
        }
      },
      {
        "id": "20973593",
        "amount": 50,
        "user": {
          "id": "clqwxnpvy0000jp0fecohn39g",
          "twitter_handle": "DefiStorm2k9",
          "profile_img": "https://pbs.twimg.com/profile_images/1725478988011712512/cbZ4Xyrc_normal.jpg",
          "name": "Storm2K9🥷"
        }
      },
      {
        "id": "20973594",
        "amount": 50,
        "user": {
          "id": "clqwxnw9b0001jp0fk3fri9jd",
          "twitter_handle": "Neghaay",
          "profile_img": "https://pbs.twimg.com/profile_images/1720038098774470656/eELTqlJg_normal.jpg",
          "name": "Chiiii🧊"
        }
      },
      {
        "id": "20973611",
        "amount": 50,
        "user": {
          "id": "clqwxpsji0002la0f41jbphim",
          "twitter_handle": "darkpersival",
          "profile_img": "https://pbs.twimg.com/profile_images/1679049510947782656/2Q-67MT9_normal.jpg",
          "name": "𝑷𝒆𝒓𝒔𝒊𝒗𝒂𝒍 "
        }
      },
      {
        "id": "20973648",
        "amount": 50,
        "user": {
          "id": "clqwy0lx10000ic0fpmmjud2x",
          "twitter_handle": "Anthony27941455",
          "profile_img": "https://pbs.twimg.com/profile_images/1737594575810658304/FdNzCOkR_normal.jpg",
          "name": "Almb"
        }
      },
      {
        "id": "20973853",
        "amount": 50,
        "user": {
          "id": "clqx0r24k0001ic0f90furz0x",
          "twitter_handle": "chrishigherzlzl",
          "profile_img": "https://pbs.twimg.com/profile_images/1737078565458325504/aewnE9bl_normal.jpg",
          "name": "chris"
        }
      },
      {
        "id": "20973882",
        "amount": 50,
        "user": {
          "id": "clqx14i970002ic0f53c8qwva",
          "twitter_handle": "diogobguerreiro",
          "profile_img": "https://pbs.twimg.com/profile_images/1657352392185192449/ALhsWRC3_normal.jpg",
          "name": "Diogo Guerreiro"
        }
      },
      {
        "id": "20973906",
        "amount": 50,
        "user": {
          "id": "clqx1e4hk0003ic0f63co6ka4",
          "twitter_handle": "Rex80029905",
          "profile_img": "https://pbs.twimg.com/profile_images/1724465962806804482/NSFkTAwA_normal.jpg",
          "name": "Dust"
        }
      },
      {
        "id": "20974131",
        "amount": 50,
        "user": {
          "id": "clqx4mqiw0000l90gpzl42emb",
          "twitter_handle": "Milojamesmeowgi",
          "profile_img": "https://pbs.twimg.com/profile_images/776905970945368064/WmLC8Q9N_normal.jpg",
          "name": "milojamesmeowgi.nft"
        }
      },
      {
        "id": "20974153",
        "amount": 50,
        "user": {
          "id": "clqx5hz1m0000l20gcheqnkh1",
          "twitter_handle": "frankierbm",
          "profile_img": "https://pbs.twimg.com/profile_images/1442160051725029385/f_MhUvNn_normal.jpg",
          "name": "FB ⓧ"
        }
      },
      {
        "id": "20975300",
        "amount": 50,
        "user": {
          "id": "clqxwzigx0000jm0gpbqww2gj",
          "twitter_handle": "Okoroblessingc1",
          "profile_img": "https://pbs.twimg.com/profile_images/1695507307046580225/e5w-kAcS_normal.png",
          "name": "BLESSING💚"
        }
      },
      {
        "id": "20974290",
        "amount": 50,
        "user": {
          "id": "clqxq00cf0000l40f1rbus2ui",
          "twitter_handle": "OliviaBrown564",
          "profile_img": "https://pbs.twimg.com/profile_images/1742467187275632640/GeeXxFPl_normal.png",
          "name": "Olivia Brown"
        }
      },
      {
        "id": "20974369",
        "amount": 50,
        "user": {
          "id": "clqxtxlrz0000lg0fpsf4sq56",
          "twitter_handle": null,
          "profile_img": "https://pbs.twimg.com/profile_images/1617468389336940547/S5dIrVt8_normal.jpg",
          "name": "Ardzakwansah"
        }
      },
      {
        "id": "20975302",
        "amount": 50,
        "user": {
          "id": "clqxx9cqu0001jm0g4w773gva",
          "twitter_handle": "NugrahaYasril",
          "profile_img": "https://pbs.twimg.com/profile_images/1690864774576529408/NQk2CqDQ_normal.jpg",
          "name": "Winter Metaverse"
        }
      },
      {
        "id": "20974496",
        "amount": 50,
        "user": {
          "id": "clqx9xode0000jy0gx8uuje91",
          "twitter_handle": null,
          "profile_img": "https://pbs.twimg.com/profile_images/1656713237453496321/2b4ExEtj_normal.jpg",
          "name": "Germán | germangleza.eth.sats"
        }
      },
      {
        "id": "20974638",
        "amount": 50,
        "user": {
          "id": "clqxbkpnd0001jy0gcl1lpfrn",
          "twitter_handle": "Vishvak7",
          "profile_img": "https://pbs.twimg.com/profile_images/1659579821020819456/hANAeFYf_normal.jpg",
          "name": "vishvak ❤️ Memecoin"
        }
      },
      {
        "id": "20974692",
        "amount": 50,
        "user": {
          "id": "clqxcn05l0000le0f8mklr7dv",
          "twitter_handle": "baurm08",
          "profile_img": "https://pbs.twimg.com/profile_images/1699425450500460544/QNEs8lQL_normal.png",
          "name": "Merey Baurzhan"
        }
      },
      {
        "id": "20974701",
        "amount": 50,
        "user": {
          "id": "clqxcvdzl0001le0f1t4l4my1",
          "twitter_handle": "niayuniawati67",
          "profile_img": "https://pbs.twimg.com/profile_images/1715621958950567936/JNirTGk9_normal.jpg",
          "name": "💪🏻 XPLUS"
        }
      },
      {
        "id": "20974785",
        "amount": 50,
        "user": {
          "id": "clqxeaw2r0000l30f0y5ay5kp",
          "twitter_handle": "Harry1944561",
          "profile_img": "https://abs.twimg.com/sticky/default_profile_images/default_profile_normal.png",
          "name": "Harry"
        }
      },
      {
        "id": "20975311",
        "amount": 50,
        "user": {
          "id": "clqxxpvnp0000l60frm8y5hr8",
          "twitter_handle": "GustavaJung",
          "profile_img": "https://pbs.twimg.com/profile_images/1649126526133104640/X5SOpSG9_normal.jpg",
          "name": "Gustavo Jung"
        }
      },
      {
        "id": "20974895",
        "amount": 50,
        "user": {
          "id": "clqxg5rmj0000l80fn0ln3fv1",
          "twitter_handle": null,
          "profile_img": "https://pbs.twimg.com/profile_images/1606122062845820931/OW7-LDaA_normal.png",
          "name": "JKB"
        }
      },
      {
        "id": "20975313",
        "amount": 50,
        "user": {
          "id": "clqxxy6av0000l90fijkxeqm1",
          "twitter_handle": "DarnetSumer",
          "profile_img": "https://pbs.twimg.com/profile_images/1508044467315564546/fpvONwDZ_normal.jpg",
          "name": "Darnet Sumer"
        }
      },
      {
        "id": "20975092",
        "amount": 50,
        "user": {
          "id": "clqxhtrfd0000lb0ft1qban88",
          "twitter_handle": null,
          "profile_img": "https://pbs.twimg.com/profile_images/505619741449265152/FGm9xiEY_normal.jpeg",
          "name": "SAndi | Full Force"
        }
      },
      {
        "id": "20975108",
        "amount": 50,
        "user": {
          "id": "clqxi8piq0000la0fia5xcfnk",
          "twitter_handle": "Mr_Legiitz",
          "profile_img": "https://pbs.twimg.com/profile_images/1658688138435514368/NBj7zPE3_normal.jpg",
          "name": "𝐌𝐫.𝐋𝐞𝐠𝐢𝐢𝐭𝐳"
        }
      },
    {
      "id": "21015343",
      "amount": 50,
      "user": {
        "id": "clqy06h7i0000jp0f8gt4fgiq",
        "twitter_handle": "doctorfarag3",
        "profile_img": "https://pbs.twimg.com/profile_images/1625784783736299523/X_njpvLO_normal.jpg",
        "name": "doctorfarag"
      }
    },
    {
      "id": "21015347",
      "amount": 50,
      "user": {
        "id": "clqy0dius0000jx0fp63oj0p3",
        "twitter_handle": "badmann_7",
        "profile_img": "https://pbs.twimg.com/profile_images/1717638955326226432/jVqCEcWZ_normal.jpg",
        "name": "MD 🤞🏽"
      }
    }
  ]